{"stat.leaveGame":22,"stat.drop.miniaturia_mod.mt_bm_pillar":1,"stat.pickup.cocricotmod.flowerpot_inner_goldcrest":3,"stat.useItem.miniaturia_mod.mt_stonebrick_a_series":33,"stat.useItem.minecraft.potion":83,"stat.pickup.miniaturia_mod.mt_bm_pillar":1,"stat.pickup.miniaturia_mod.mt_rug_a":1,"stat.jump":6613,"stat.swimOneCm":39279,"stat.climbOneCm":1702,"stat.pickup.miniaturia_mod.mt_stonebrick_a_series":2,"stat.pickup.minecraft.porkchop":5,"stat.crouchOneCm":243375,"stat.useItem.minecraft.stone_slab2":59160,"stat.useItem.minecraft.water_bucket":277,"stat.useItem.miniaturia_mod.mt_16flowers_b":1,"stat.pickup.miniaturia_mod.mt_antiquephone_radio":1,"stat.drop.miniaturia_mod.mt_model_urn_b":1,"stat.pickup.minecraft.leather":4,"stat.pickup.miniaturia_mod.mt_movie":1,"stat.pickup.cocricotmod.sconce_double_fabricshade_gold":1,"stat.drop.miniaturia_mod.mt_stonebrick_a_series":1,"stat.useItem.cocricotmod.flowerpot_inner_goldcrest":44,"stat.useItem.miniaturia_mod.mt_winframe_white_side":13,"stat.killEntity.Llama":1,"stat.flyOneCm":20740801,"stat.pickup.minecraft.wheat_seeds":29,"stat.damageDealt":1491,"stat.timeSinceDeath":2204250,"stat.useItem.miniaturia_mod.mt_desk_a_1":6,"stat.useItem.minecraft.spawn_egg":8,"stat.killEntity.Pig":2,"stat.pickup.minecraft.mutton":1,"stat.useItem.cocricotmod.book_pile_antique":19,"stat.pickup.miniaturia_mod.mt_model_urn_b":1,"stat.pickup.minecraft.double_plant":5,"stat.killEntity.Bat":1,"stat.walkOneCm":4310721,"stat.useItem.minecraft.torch":4,"stat.useItem.miniaturia_mod.mt_barrel_horizontal_1":2,"stat.useItem.miniaturia_mod.item_mt_hammer":468,"stat.useItem.miniaturia_mod.mt_model_urn_a":16,"stat.drop.miniaturia_mod.mt_steel_quarter_layers_a1":1,"stat.drop.miniaturia_mod.mt_alcohol_bottle":1,"stat.useItem.minecraft.double_plant":5,"stat.pickup.miniaturia_mod.mt_steel_quarter_layers_a1":1,"stat.useItem.minecraft.milk_bucket":7,"stat.pickup.miniaturia_mod.mt_8lights_facing_up_0":1,"stat.sprintOneCm":478649,"stat.drop.miniaturia_mod.mt_bucket":1,"stat.pickup.miniaturia_mod.mt_alcohol_bottle":1,"stat.pickup.miniaturia_mod.mt_bucket":1,"stat.killEntity.Horse":5,"stat.pickup.miniaturia_mod.mt_sofa_1":1,"stat.mobKills":10,"stat.useItem.miniaturia_mod.mt_chain_fence_long":1,"stat.drop":6,"stat.playOneMinute":2204250,"stat.pickup.minecraft.torch":5,"stat.killEntity.Sheep":1,"stat.pickup.minecraft.red_flower":4,"stat.sneakTime":159384,"stat.pickup.minecraft.wool":1,"stat.useItem.minecraft.wooden_axe":38,"stat.diveOneCm":23396}