{
  "biomesoplenty:biomesoplenty/root": {
    "criteria": {
      "yellow_flower": "2024-09-28 15:02:28 -0300",
      "red_flower": "2024-09-28 15:02:28 -0300"
    },
    "done": true
  },
  "biomesoplenty:recipes/misc/sand_from_dried_sand": {
    "criteria": {
      "has_gem_block": "2024-09-28 15:02:28 -0300"
    },
    "done": true
  },
  "minecraft:recipes/decorations/chest": {
    "criteria": {
      "has_lots_of_items": "2024-09-28 15:02:28 -0300"
    },
    "done": true
  },
  "minecraft:recipes/redstone/repeater": {
    "criteria": {
      "has_redstone_torch": "2024-09-28 15:04:22 -0300"
    },
    "done": true
  },
  "minecraft:recipes/misc/light_gray_dye_from_azure_bluet": {
    "criteria": {
      "has_red_flower": "2024-09-28 15:02:28 -0300"
    },
    "done": true
  },
  "biomesoplenty:recipes/misc/mud_from_dirt": {
    "criteria": {
      "has_gem_block": "2024-09-28 15:02:28 -0300"
    },
    "done": true
  },
  "minecraft:recipes/brewing/cauldron": {
    "criteria": {
      "has_water_bucket": "2024-09-28 15:02:28 -0300"
    },
    "done": true
  },
  "minecraft:adventure/adventuring_time": {
    "criteria": {
      "plains": "2024-09-28 15:02:30 -0300"
    },
    "done": false
  }
}