{"stat.useItem.cocricotmod.glass_frame_line":26,"stat.useItem.minecraft.painting":21,"stat.leaveGame":33,"stat.useItem.miniaturia_mod.mt_wood_stick_connect_c0":48,"stat.useItem.miniaturia_mod.mt_tire_display_1":4,"stat.pickup.extrautils2.redorchid":2,"stat.useItem.miniaturia_mod.mt_window_b_silver_pane":240,"stat.useItem.cocricotmod.box_paper_natural":1,"stat.useItem.cocricotmod.wood_3board_dark":654,"stat.useItem.cocricotmod.tile_moroccan_blue":57,"stat.swimOneCm":90,"stat.pickup.cocricotmod.radio":1,"stat.useItem.minecraft.planks":1093,"stat.useItem.minecraft.dirt":109,"stat.useItem.minecraft.water_bucket":131,"stat.useItem.cocricotmod.carpet_block_fringe_blue":117,"stat.pickup.cocricotmod.wood_3board_dark":1,"stat.useItem.miniaturia_mod.mt_timber_legacy_mint_8":21,"stat.useItem.extrautils2.itemcreativebuilderswand":727,"stat.flyOneCm":3227387,"stat.useItem.cocricotmod.box_paper_white":2,"stat.useItem.miniaturia_mod.mt_bm_c_series":298,"stat.useItem.cocricotmod.wallshelf_floating_dark":12,"stat.timeSinceDeath":2072242,"stat.useItem.miniaturia_mod.item_mt_hammer":834,"stat.useItem.miniaturia_mod.mt_wallpapers_2":17,"stat.useItem.cocricotmod.wallshelf_floating_brown":5,"stat.useItem.miniaturia_mod.mt_wallpapers_1":66,"stat.useItem.miniaturia_mod.mt_8stackplants":116,"stat.useItem.miniaturia_mod.mt_wood_half_a":28,"stat.useItem.miniaturia_mod.mt_wood_vwalls_c":61,"stat.useItem.miniaturia_mod.mt_terracotta_square":36,"stat.useItem.cocricotmod.pattern_antique_mintgreen":66,"stat.pickup.miniaturia_mod.mt_paper":1,"stat.useItem.cocricotmod.brick_terracotta_small_orange":54,"stat.pickup.cocricotmod.stool_camp_vintage":1,"stat.useItem.miniaturia_mod.mt_car_side_a_2":4,"stat.useItem.miniaturia_mod.mt_facade_a_wood_darkbrown":4,"stat.pickup.biomesoplenty.flower_0":2,"stat.sprintOneCm":80141,"stat.useItem.cocricotmod.wallshelf_floating_white":3,"stat.useItem.cocricotmod.halftimber_darkmintgreen_allinone":934,"stat.useItem.cocricotmod.halftimber_whitewhite_allinone":294,"stat.pickup.minecraft.grass":1,"stat.useItem.cocricotmod.glass_frame_line_slab":18,"stat.drop":1,"stat.useItem.miniaturia_mod.mt_16plants":73,"stat.playOneMinute":2072242,"stat.useItem.miniaturia_mod.mt_bm_a_series":12,"stat.pickup.cocricotmod.bed_pillow_green":1,"stat.useItem.cocricotmod.wallshelf_bracket_antique_dark":1,"stat.chestOpened":5,"stat.useItem.cocricotmod.shelf_normal_book_goods":3,"stat.useItem.props.props":1,"stat.pickup.miniaturia_mod.mt_16plants":1,"stat.useItem.minecraft.stone":24,"stat.useItem.miniaturia_mod.mt_wrapsiding":1267,"stat.useItem.minecraft.grass":92,"stat.pickup.cocricotmod.firewood_block":1,"stat.jump":2155,"stat.useItem.miniaturia_mod.mt_3tallgrass":6,"stat.drop.miniaturia_mod.mt_facade_a_wood_darkbrown":1,"stat.crouchOneCm":32587,"stat.useItem.cocricotmod.chest_brown":7,"stat.useItem.biomesoplenty.plant_0":1,"stat.useItem.miniaturia_mod.mt_tin_vwalls_a4":11,"stat.pickup.minecraft.wheat_seeds":71,"stat.pickup.cocricotmod.drawer_simple_white":1,"stat.useItem.cocricotmod.wallphoto_big_beach":1,"stat.pickup.cocricotmod.figurine_lighthouse":1,"stat.damageDealt":10,"stat.pickup.cocricotmod.jar_cookie":1,"stat.useItem.minecraft.air":17483,"stat.walkOneCm":1916033,"stat.useItem.miniaturia_mod.mt_roof_fantasy_black":132,"stat.useItem.minecraft.torch":6,"stat.useItem.minecraft.gravel":301,"stat.useItem.miniaturia_mod.mt_wood_stick_c2":30,"stat.useItem.cocricotmod.wood_3board_seadrift":294,"stat.useItem.cocricotmod.glass_frame_silver":20,"stat.pickup.minecraft.sapling":2,"stat.useItem.miniaturia_mod.mt_ground_a_series":630,"stat.pickup.miniaturia_mod.mt_chair_caster_1":1,"stat.useItem.cocricotmod.glass_frame_silver_slab":2,"stat.useItem.cocricotmod.wallshelf_chain_seadrift":1,"stat.pickup.miniaturia_mod.mt_facade_a_wood_darkbrown":1,"stat.pickup.minecraft.torch":2,"stat.pickup.minecraft.red_flower":4,"stat.sneakTime":48415,"stat.useItem.cocricotmod.tile_moroccan_brown":67,"stat.useItem.miniaturia_mod.mt_farmland":197}