{"stat.chestOpened":3,"stat.useItem.minecraft.painting":1,"stat.useItem.minecraft.stone":96,"stat.useItem.miniaturia_mod.mt_wrapsiding":317,"stat.leaveGame":23,"stat.drop.cocricotmod.door_tall_2panel_wood":1,"stat.useItem.cocricotmod.pattern_star_night":58,"stat.useItem.cocricotmod.box_paper_natural":1,"stat.useItem.minecraft.packed_ice":68,"stat.useItem.cocricotmod.pattern_antique_blue":25,"stat.useItem.miniaturia_mod.mt_wood_d_series":102,"stat.jump":1221,"stat.swimOneCm":6383,"stat.useItem.minecraft.snow":117,"stat.useItem.minecraft.planks":535,"stat.pickup.miniaturia_mod.mt_wrapsiding":1,"stat.crouchOneCm":27814,"stat.pickup.minecraft.painting":1,"stat.useItem.minecraft.water_bucket":5,"stat.useItem.miniaturia_mod.mt_wood_stick_a":24,"stat.pickup.miniaturia_mod.mt_cobblestone_a_series":1,"stat.useItem.extrautils2.itemcreativebuilderswand":295,"stat.flyOneCm":3218532,"stat.drop.miniaturia_mod.mt_window_c_white_pane":1,"stat.useItem.cocricotmod.wallshelf_floating_dark":2,"stat.useItem.minecraft.snow_layer":15,"stat.timeSinceDeath":1187107,"stat.useItem.cocricotmod.wallshelf_floating_seadrift":1,"stat.useItem.miniaturia_mod.mt_roof_fantasy_blue_stairs_white":361,"stat.useItem.minecraft.air":11400,"stat.useItem.cocricotmod.wallshelf_floating_clear":13,"stat.walkOneCm":1336328,"stat.useItem.miniaturia_mod.item_mt_hammer":671,"stat.pickup.miniaturia_mod.mt_awning_8b":1,"stat.useItem.miniaturia_mod.mt_wallpapers_0":57,"stat.useItem.cocricotmod.pattern_antique_mintgreen":58,"stat.useItem.cocricotmod.wallshelf_bracket_antique_brown":2,"stat.pickup.miniaturia_mod.mt_window_c_white_pane":1,"stat.useItem.cocricotmod.rug_shag_round_darkblue":18,"stat.pickup.minecraft.tallgrass":1,"stat.pickup.fairylights.hanging_lights":4,"stat.pickup.cocricotmod.door_tall_2panel_wood":1,"stat.sprintOneCm":93880,"stat.useItem.minecraft.tallgrass":94,"stat.useItem.cocricotmod.pattern_classic_red":58,"stat.useItem.fairylights.hanging_lights":7,"stat.useItem.miniaturia_mod.mt_timber_white_blue":555,"stat.useItem.miniaturia_mod.mt_tile_a_series":28,"stat.useItem.miniaturia_mod.mt_wood_b":392,"stat.drop":4,"stat.playOneMinute":1187107,"stat.pickup.minecraft.torch":1,"stat.useItem.minecraft.nether_brick":349,"stat.sneakTime":34124,"stat.useItem.miniaturia_mod.mt_roof_fantasy_blue_half":67,"stat.drop.minecraft.torch":1,"stat.drop.miniaturia_mod.mt_awning_8b":1,"stat.diveOneCm":808}